Country,Deaths
Papua New Guinea,245.296404	
Oceania,195.8684592	
Afghanistan,183.9413871	
Somalia,165.8285822	
Guinea,160.5037718	
South Sudan,156.1654699	
Madagascar,155.0695076	
Sierra Leone,149.5983372	
Burundi,142.7742077	
North Korea,140.4386937	
